{
  "project_info": {
    "project_number": "296298325488",
    "firebase_url": "https://fir-ab3d7-default-rtdb.firebaseio.com",
    "project_id": "fir-ab3d7",
    "storage_bucket": "fir-ab3d7.firebasestorage.app"
  },
  "client": [
    {
      "client_info": {
        "mobilesdk_app_id": "1:296298325488:android:4d4cba4fcc89a4200f6935",
        "android_client_info": {
          "package_name": "com.example.myapplication"
        }
      },
      "oauth_client": [],
      "api_key": [
        {
          "current_key": "AIzaSyA_4Pgtd4PIxzvh7zigC08CclMVg_M_akU"
        }
      ],
      "services": {
        "appinvite_service": {
          "other_platform_oauth_client": []
        }
      }
    }
  ],
  "configuration_version": "1"
}